Primary Identifier,Identifier Type,Identifier Value,
IDp10726925,Additional ID 1,ILL- 144 Dal Nrh Library,
benine-1,Additional ID 1,005055952,
bluford,Additional ID 1,004689261,
casesa-1,Additional ID 1,005063583,
cullinan,Additional ID 1,001876490,
dinkins,Additional ID 1,000019747,
englehar,Additional ID 1,000013182,
flormega,Additional ID 1,004064117,
howardem-1,Additional ID 1,005063596,
kiesbye-1,Additional ID 1,005056173,
learm,Additional ID 1,005369993,
lyone-1,Additional ID 1,005056212,
maxon,Additional ID 1,000008177,
palsson,Additional ID 1,003773853,
plovnick,Additional ID 1,004683359,
ritchiej,Additional ID 1,000007969,
santaade-1,Additional ID 1,005076024,
schneidk,Additional ID 1,004850409,
smijonat,Additional ID 1,005370513,
smithhil,Additional ID 1,000766654,
unternae,Additional ID 1,000005590,
waltonsa-1,Additional ID 1,000018083,
